event_id,event_name,date,city,region,nation,event_link,venue,attendance,latitude,longitude
712,UFC 310: Pantoja vs. Asakura,2024-12-07,Las Vegas,Nevada,USA,http://ufcstats.com/event-details/ad23903ef3af7406,T-Mobile Arena,18648,36.102778,-115.178333
711,UFC Fight Night: Yan vs. Figueiredo,2024-11-23,Macau,Macau,China,http://ufcstats.com/event-details/e955046551f8c7dd,Galaxy Arena,12615,22.1439403,113.5568931
710,UFC 309: Jones vs. Miocic,2024-11-16,New York City,New York,USA,http://ufcstats.com/event-details/daff32bc96d1eabf,Madison Square Garden,20200,40.750556,-73.993611
709,UFC Fight Night: Magny vs. Prates,2024-11-09,Las Vegas,Nevada,USA,http://ufcstats.com/event-details/585f9ffdb0cd0466,UFC Apex,,36.068,-115.228
708,UFC Fight Night: Moreno vs. Albazi,2024-11-02,Edmonton,Alberta,Canada,http://ufcstats.com/event-details/3ab0df1ddd5f1dc2,Rogers Place,16439,53.546944,-113.497778
707,UFC 308: Topuria vs. Holloway,2024-10-26,Abu Dhabi,Abu Dhabi,United Arab Emirates,http://ufcstats.com/event-details/221b2a3070c7ce3e,Etihad Arena,,24.4603,54.604
706,UFC Fight Night: Hernandez vs. Pereira,2024-10-19,Las Vegas,Nevada,USA,http://ufcstats.com/event-details/6a0047ac8c99fece,UFC Apex,,36.068,-115.228
705,UFC Fight Night: Royval vs. Taira,2024-10-12,Las Vegas,Nevada,USA,http://ufcstats.com/event-details/5bdcbd8dd681a257,UFC Apex,,36.068,-115.228
704,UFC 307: Pereira vs. Rountree Jr.,2024-10-05,Salt Lake City,Utah,USA,http://ufcstats.com/event-details/eee8efec7b951d84,Delta Center,17487,40.768333,-111.901111
703,UFC Fight Night: Moicano vs. Saint Denis,2024-09-28,Paris,Ile-de-France,France,http://ufcstats.com/event-details/079488710f012779,Accor Arena,15449,48.838611,2.378611
701,UFC Fight Night: Burns vs. Brady,2024-09-07,Las Vegas,Nevada,USA,http://ufcstats.com/event-details/ee0b69e307c857e5,UFC Apex,,36.068,-115.228
696,UFC 304: Edwards vs. Muhammad 2,2024-07-27,Manchester,England,United Kingdom,http://ufcstats.com/event-details/026b4f7049085842,Co-op Live,17907,53.486389,-2.199722
689,UFC 302: Makhachev vs. Poirier,2024-06-01,Newark,New Jersey,USA,http://ufcstats.com/event-details/6e4acc2c115215b5,Prudential Center,17834,40.733611,-74.171111
688,UFC Fight Night: Barboza vs. Murphy,2024-05-18,Las Vegas,Nevada,USA,http://ufcstats.com/event-details/46baf0f57edfa4df,UFC Apex,,36.068,-115.228
686,UFC 301: Pantoja vs. Erceg,2024-05-04,Rio de Janeiro,Rio de Janeiro,Brazil,http://ufcstats.com/event-details/981ab7a0576f76a0,Farmasi Arena,14514,-22.975278,-43.390278
684,UFC 300: Pereira vs. Hill,2024-04-13,Las Vegas,Nevada,USA,http://ufcstats.com/event-details/6750e338922a099d,T-Mobile Arena,20067,36.102778,-115.178333
683,UFC Fight Night: Allen vs. Curtis 2,2024-04-06,Las Vegas,Nevada,USA,http://ufcstats.com/event-details/899eaba48fa864a6,UFC Apex,,36.068,-115.228
680,UFC Fight Night: Tuivasa vs. Tybura,2024-03-16,Las Vegas,Nevada,USA,http://ufcstats.com/event-details/c398235fcaf8d71d,UFC Apex,,36.068,-115.228
679,UFC 299: O'Malley vs. Vera 2,2024-03-09,Miami,Florida,USA,http://ufcstats.com/event-details/a9df5ae20a97b090,Kaseya Center,19165,25.781389,-80.188056
678,UFC Fight Night: Rozenstruik vs. Gaziev,2024-03-02,Las Vegas,Nevada,USA,http://ufcstats.com/event-details/e4a9dbade7c7e1a7,UFC Apex,,36.068,-115.228
677,UFC Fight Night: Moreno vs. Royval 2,2024-02-24,Mexico City,Distrito Federal,Mexico,http://ufcstats.com/event-details/902ab9197b83d0db,Arena CDMX,21546,19.496309,-99.175429
676,UFC 298: Volkanovski vs. Topuria,2024-02-17,Anaheim,California,USA,http://ufcstats.com/event-details/dab0e6cb8c932162,Honda Center,18186,33.807778,-117.876667
675,UFC Fight Night: Hermansson vs. Pyfer,2024-02-10,Las Vegas,Nevada,USA,http://ufcstats.com/event-details/eaea0fc7b76525a8,UFC Apex,,36.068,-115.228
674,UFC Fight Night: Dolidze vs. Imavov,2024-02-03,Las Vegas,Nevada,USA,http://ufcstats.com/event-details/cce79e827569f26e,UFC Apex,,36.068,-115.228
672,UFC Fight Night: Ankalaev vs. Walker 2,2024-01-13,Las Vegas,Nevada,USA,http://ufcstats.com/event-details/010986ee359fb863,UFC Apex,,36.068,-115.228
671,UFC 296: Edwards vs. Covington,2023-12-16,Las Vegas,Nevada,USA,http://ufcstats.com/event-details/a8e8587a06e73c87,T-Mobile Arena,19039,36.102778,-115.178333
668,UFC Fight Night: Allen vs. Craig,2023-11-18,Las Vegas,Nevada,USA,http://ufcstats.com/event-details/3feed7d02711d8b7,UFC Apex,,36.068,-115.228
666,UFC Fight Night: Almeida vs. Lewis,2023-11-04,Sao Paulo,Sao Paulo,Brazil,http://ufcstats.com/event-details/7c4ec656d8fcb867,Ginásio do Ibirapuera,10792,-23.577721,-46.656048
665,UFC 294: Makhachev vs. Volkanovski 2,2023-10-21,Abu Dhabi,Abu Dhabi,United Arab Emirates,http://ufcstats.com/event-details/13a0fb8fbdafb54f,Etihad Arena,,24.4603,54.604
664,UFC Fight Night: Yusuff vs. Barboza,2023-10-14,Las Vegas,Nevada,USA,http://ufcstats.com/event-details/f3a078277b3b8ff4,UFC Apex,,36.068,-115.228
663,UFC Fight Night: Dawson vs. Green,2023-10-07,Las Vegas,Nevada,USA,http://ufcstats.com/event-details/c8a49ff2acb6f3c5,UFC Apex,,36.068,-115.228
662,UFC Fight Night: Fiziev vs. Gamrot,2023-09-23,Las Vegas,Nevada,USA,http://ufcstats.com/event-details/c945adc22c2bfe8f,UFC Apex,,36.068,-115.228
661,UFC Fight Night: Grasso vs. Shevchenko 2,2023-09-16,Las Vegas,Nevada,USA,http://ufcstats.com/event-details/8fa2b06572365321,T-Mobile Arena,18766,36.102778,-115.178333
660,UFC 293: Adesanya vs. Strickland,2023-09-09,Sydney,New South Wales,Australia,http://ufcstats.com/event-details/ece280745f8727b8,Qudos Bank Arena,18168,-33.85,151.066667
659,UFC Fight Night: Gane vs. Spivac,2023-09-02,Paris,Ile-de-France,France,http://ufcstats.com/event-details/ef61d9f5176b3200,Accor Arena,15610,48.838611,2.378611
658,UFC Fight Night: Holloway vs. The Korean Zombie,2023-08-26,Kallang,Kallang,Singapore,http://ufcstats.com/event-details/89a407032911e27e,Singapore Indoor Stadium,10263,1.300694,103.874222
657,UFC 292: Sterling vs. O'Malley,2023-08-19,Boston,Massachusetts,USA,http://ufcstats.com/event-details/2719f300b0439039,TD Garden,18293,42.366303,-71.062228
654,UFC 291: Poirier vs. Gaethje 2,2023-07-29,Salt Lake City,Utah,USA,http://ufcstats.com/event-details/ccd58ff71e260ed5,Delta Center,18467,40.768333,-111.901111
653,UFC Fight Night: Aspinall vs. Tybura,2023-07-22,London,England,United Kingdom,http://ufcstats.com/event-details/1174782eacde9b0c,The O2 Arena,15078,51.5029,0.0032
647,UFC 289: Nunes vs. Aldana,2023-06-10,Vancouver,British Columbia,Canada,http://ufcstats.com/event-details/b6c6d1731ff00eeb,Rogers Arena,17628,49.277778,-123.108889
645,UFC Fight Night: Dern vs. Hill,2023-05-20,Las Vegas,Nevada,USA,http://ufcstats.com/event-details/6f812143641ceff8,UFC Apex,,36.068,-115.228
643,UFC 288: Sterling vs. Cejudo,2023-05-06,Newark,New Jersey,USA,http://ufcstats.com/event-details/3c6976f8182d9527,Prudential Center,17559,40.733611,-74.171111
641,UFC Fight Night: Pavlovich vs. Blaydes,2023-04-22,Las Vegas,Nevada,USA,http://ufcstats.com/event-details/6fb1ba67bef41b37,UFC Apex,,36.068,-115.228
639,UFC 287: Pereira vs. Adesanya 2,2023-04-08,Miami,Florida,USA,http://ufcstats.com/event-details/3dc3022232b79c7a,Kaseya Center,19032,25.781389,-80.188056
637,UFC 286: Edwards vs. Usman 3,2023-03-18,London,England,United Kingdom,http://ufcstats.com/event-details/e4bb7e483c4ad318,The O2 Arena,17588,51.5029,0.0032
636,UFC Fight Night: Yan vs. Dvalishvili,2023-03-11,Las Vegas,Nevada,USA,http://ufcstats.com/event-details/35080a7f406f9ab3,The Theater at Virgin Hotels,2361,36.1093,-115.1531
635,UFC 285: Jones vs. Gane,2023-03-04,Las Vegas,Nevada,USA,http://ufcstats.com/event-details/1ccff7f0cfdf85eb,T-Mobile Arena,19471,36.102778,-115.178333
634,UFC Fight Night: Muniz vs. Allen,2023-02-25,Las Vegas,Nevada,USA,http://ufcstats.com/event-details/806975e1b4f47b27,UFC Apex,,36.068,-115.228
633,UFC Fight Night: Andrade vs. Blanchfield,2023-02-18,Las Vegas,Nevada,USA,http://ufcstats.com/event-details/f21a3d68fb9df387,UFC Apex,,36.068,-115.228
632,UFC 284: Makhachev vs. Volkanovski,2023-02-11,Perth,Western Australia,Australia,http://ufcstats.com/event-details/01dd4cdc2446f665,RAC Arena,14124,-31.9483,115.8519
631,UFC Fight Night: Lewis vs. Spivac,2023-02-04,Las Vegas,Nevada,USA,http://ufcstats.com/event-details/d26394fc0e8e880a,UFC Apex,,36.068,-115.228
630,UFC 283: Teixeira vs. Hill,2023-01-21,Rio de Janeiro,Rio de Janeiro,Brazil,http://ufcstats.com/event-details/5717efc6f271cd52,Jeunesse Arena,13604,-22.975278,-43.390278
629,UFC Fight Night: Strickland vs. Imavov,2023-01-14,Las Vegas,Nevada,USA,http://ufcstats.com/event-details/2e2cdb6e9eb84bb9,UFC Apex,,36.068,-115.228
628,UFC Fight Night: Cannonier vs. Strickland,2022-12-17,Las Vegas,Nevada,USA,http://ufcstats.com/event-details/56ec58954158966a,UFC Apex,,36.068,-115.228
624,UFC 281: Adesanya vs. Pereira,2022-11-12,New York City,New York,USA,http://ufcstats.com/event-details/b3b6e80b7d5f8f0d,Madison Square Garden,20845,40.750556,-73.993611
623,UFC Fight Night: Rodriguez vs. Lemos,2022-11-05,Las Vegas,Nevada,USA,http://ufcstats.com/event-details/756f45905fb20cb5,UFC Apex,,36.068,-115.228
622,UFC Fight Night: Kattar vs. Allen,2022-10-29,Las Vegas,Nevada,USA,http://ufcstats.com/event-details/be5aab761c40ef35,UFC Apex,,36.068,-115.228
621,UFC 280: Oliveira vs. Makhachev,2022-10-22,Abu Dhabi,Abu Dhabi,United Arab Emirates,http://ufcstats.com/event-details/885e7f70dcac0007,Etihad Arena,13400,24.4603,54.604
619,UFC Fight Night: Dern vs. Yan,2022-10-01,Las Vegas,Nevada,USA,http://ufcstats.com/event-details/4f670b7972fa0a2e,UFC Apex,,36.068,-115.228
618,UFC Fight Night: Sandhagen vs. Song,2022-09-17,Las Vegas,Nevada,USA,http://ufcstats.com/event-details/8d477c3fbe001f9d,UFC Apex,,36.068,-115.228
617,UFC 279: Diaz vs. Ferguson,2022-09-10,Las Vegas,Nevada,USA,http://ufcstats.com/event-details/93bf96be327fcd98,T-Mobile Arena,19125,36.102778,-115.178333
616,UFC Fight Night: Gane vs. Tuivasa,2022-09-03,Paris,Ile-de-France,France,http://ufcstats.com/event-details/00a905a4a4a2b071,Accor Arena,15405,48.838611,2.378611
611,UFC Fight Night: Blaydes vs. Aspinall,2022-07-23,London,England,United Kingdom,http://ufcstats.com/event-details/319c15b8aac5bfde,The O2 Arena,17813,51.5029,0.0032
608,UFC 276: Adesanya vs. Cannonier,2022-07-02,Las Vegas,Nevada,USA,http://ufcstats.com/event-details/4a9e305633f3ef47,T-Mobile Arena,19649,36.102778,-115.178333
604,UFC Fight Night: Volkov vs. Rozenstruik,2022-06-04,Las Vegas,Nevada,USA,http://ufcstats.com/event-details/57591bbf1623574e,UFC Apex,,36.068,-115.228
603,UFC Fight Night: Holm vs. Vieira,2022-05-21,Las Vegas,Nevada,USA,http://ufcstats.com/event-details/a6c32678efd4f434,UFC Apex,,36.068,-115.228
601,UFC 274: Oliveira vs. Gaethje,2022-05-07,Phoenix,Arizona,USA,http://ufcstats.com/event-details/253d3f9e97ca149a,Footprint Center,17232,33.445833,-112.071389
599,UFC Fight Night: Lemos vs. Andrade,2022-04-23,Las Vegas,Nevada,USA,http://ufcstats.com/event-details/236a37d96d476164,UFC Apex,,36.068,-115.228
597,UFC 273: Volkanovski vs. The Korean Zombie,2022-04-09,Jacksonville,Florida,USA,http://ufcstats.com/event-details/3a97fda0de6f1fa4,VyStar Veterans Memorial Arena,14605,30.325769,-81.645069
595,UFC Fight Night: Volkov vs. Aspinall,2022-03-19,London,England,United Kingdom,http://ufcstats.com/event-details/1d00756835ca67c9,The O2 Arena,17081,51.5029,0.0032
594,UFC Fight Night: Santos vs. Ankalaev,2022-03-12,Las Vegas,Nevada,USA,http://ufcstats.com/event-details/1f9344211ca7fd60,UFC Apex,,36.068,-115.228
593,UFC 272: Covington vs. Masvidal,2022-03-05,Las Vegas,Nevada,USA,http://ufcstats.com/event-details/75e0d3cc2262b732,T-Mobile Arena,19425,36.102778,-115.178333
592,UFC Fight Night: Makhachev vs. Green,2022-02-26,Las Vegas,Nevada,USA,http://ufcstats.com/event-details/f6a7b02c42e9fc5b,UFC Apex,,36.068,-115.228
591,UFC Fight Night: Walker vs. Hill,2022-02-19,Las Vegas,Nevada,USA,http://ufcstats.com/event-details/77940e45bc86208e,UFC Apex,,36.068,-115.228
590,UFC 271: Adesanya vs. Whittaker 2,2022-02-12,Houston,Texas,USA,http://ufcstats.com/event-details/cbb682f5fcc44bfc,Toyota Center,17872,29.750833,-95.362222
589,UFC Fight Night: Hermansson vs. Strickland,2022-02-05,Las Vegas,Nevada,USA,http://ufcstats.com/event-details/883922e5cd6d8473,UFC Apex,,36.068,-115.228
588,UFC 270: Ngannou vs. Gane,2022-01-22,Anaheim,California,USA,http://ufcstats.com/event-details/335ad945324c3a2e,Honda Center,17387,33.807778,-117.876667
586,UFC Fight Night: Lewis vs. Daukaus,2021-12-18,Las Vegas,Nevada,USA,http://ufcstats.com/event-details/2a470ad41c22c25a,UFC Apex,,36.068,-115.228
585,UFC 269: Oliveira vs. Poirier,2021-12-11,Las Vegas,Nevada,USA,http://ufcstats.com/event-details/ef927e4fe2117ab8,T-Mobile Arena,18471,36.102778,-115.178333
583,UFC Fight Night: Vieira vs. Tate,2021-11-20,Las Vegas,Nevada,USA,http://ufcstats.com/event-details/c95fbc085e17a532,UFC Apex,,36.068,-115.228
581,UFC 268: Usman vs. Covington 2,2021-11-06,New York City,New York,USA,http://ufcstats.com/event-details/48e093ea1f43a053,Madison Square Garden,20715,40.750556,-73.993611
579,UFC Fight Night: Costa vs. Vettori,2021-10-23,Las Vegas,Nevada,USA,http://ufcstats.com/event-details/8a9c6c4301f6d088,UFC Apex,,36.068,-115.228
578,UFC Fight Night: Ladd vs. Dumont,2021-10-16,Las Vegas,Nevada,USA,http://ufcstats.com/event-details/8f4616698508f24d,UFC Apex,,36.068,-115.228
577,UFC Fight Night: Dern vs. Rodriguez,2021-10-09,Las Vegas,Nevada,USA,http://ufcstats.com/event-details/d247691a6c0e9034,UFC Apex,,36.068,-115.228
576,UFC Fight Night: Santos vs. Walker,2021-10-02,Las Vegas,Nevada,USA,http://ufcstats.com/event-details/e15d0a2519d6a0b5,UFC Apex,,36.068,-115.228
575,UFC 266: Volkanovski vs. Ortega,2021-09-25,Las Vegas,Nevada,USA,http://ufcstats.com/event-details/0eec866a077889f0,T-Mobile Arena,19029,36.102778,-115.178333
574,UFC Fight Night: Smith vs. Spann,2021-09-18,Las Vegas,Nevada,USA,http://ufcstats.com/event-details/4c27ca8c8481f79a,UFC Apex,,36.068,-115.228
573,UFC Fight Night: Brunson vs. Till,2021-09-04,Las Vegas,Nevada,USA,http://ufcstats.com/event-details/b9532d815060de7f,UFC Apex,,36.068,-115.228
570,UFC 265: Lewis vs. Gane,2021-08-07,Houston,Texas,USA,http://ufcstats.com/event-details/972197a8c61ac413,Toyota Center,16604,29.750833,-95.362222
566,UFC 264: Poirier vs. McGregor 3,2021-07-10,Las Vegas,Nevada,USA,http://ufcstats.com/event-details/8a0be41c0380188d,T-Mobile Arena,20062,36.102778,-115.178333
565,UFC Fight Night: Gane vs. Volkov,2021-06-26,Las Vegas,Nevada,USA,http://ufcstats.com/event-details/a1d6b308781aa2f5,UFC Apex,0,36.068,-115.228
563,UFC 263: Adesanya vs. Vettori 2,2021-06-12,Glendale,Arizona,USA,http://ufcstats.com/event-details/0b64d0fed453ef7f,Gila River Arena,17208,33.5321,-112.2612
562,UFC Fight Night: Rozenstruik vs. Sakai,2021-06-05,Las Vegas,Nevada,USA,http://ufcstats.com/event-details/3b2485c8d5c8b580,UFC Apex,0,36.068,-115.228
561,UFC Fight Night: Font vs. Garbrandt,2021-05-22,Las Vegas,Nevada,USA,http://ufcstats.com/event-details/277ffed20cf07aea,UFC Apex,,36.068,-115.228
560,UFC 262: Oliveira vs. Chandler,2021-05-15,Houston,Texas,USA,http://ufcstats.com/event-details/744f50016c39c26c,Toyota Center,16005,29.750833,-95.362222
557,UFC 261: Usman vs. Masvidal 2,2021-04-24,Jacksonville,Florida,USA,http://ufcstats.com/event-details/27541033b97c076d,VyStar Veterans Memorial Arena,15269,30.325769,-81.645069
552,UFC Fight Night: Edwards vs. Muhammad,2021-03-13,Las Vegas,Nevada,USA,http://ufcstats.com/event-details/8c90c1563972e44d,UFC Apex,,36.068,-115.228
550,UFC Fight Night: Rozenstruik vs. Gane,2021-02-27,Las Vegas,Nevada,USA,http://ufcstats.com/event-details/81b57acd6975ac06,UFC Apex,,36.068,-115.228
549,UFC Fight Night: Blaydes vs. Lewis,2021-02-20,Las Vegas,Nevada,USA,http://ufcstats.com/event-details/bfe95ec546692b13,UFC Apex,,36.068,-115.228
548,UFC 258: Usman vs. Burns,2021-02-13,Las Vegas,Nevada,USA,http://ufcstats.com/event-details/3f7c14c7eca7195d,UFC Apex,,36.068,-115.228
547,UFC Fight Night: Overeem vs. Volkov,2021-02-06,Las Vegas,Nevada,USA,http://ufcstats.com/event-details/a1153013cb5f628f,UFC Apex,,36.068,-115.228
543,UFC Fight Night: Thompson vs. Neal,2020-12-19,Las Vegas,Nevada,USA,http://ufcstats.com/event-details/e49c2db95e572dc8,UFC Apex,0,36.068,-115.228
542,UFC 256: Figueiredo vs. Moreno,2020-12-12,Las Vegas,Nevada,USA,http://ufcstats.com/event-details/d0d43cb9b14f231c,UFC Apex,,36.068,-115.228
539,UFC 255: Figueiredo vs. Perez,2020-11-21,Las Vegas,Nevada,USA,http://ufcstats.com/event-details/bbb15f301e4a490a,UFC Apex,,36.068,-115.228
536,UFC Fight Night: Hall vs. Silva,2020-10-31,Las Vegas,Nevada,USA,http://ufcstats.com/event-details/ad044be25c94dcfd,UFC Apex,,36.068,-115.228
535,UFC 254: Khabib vs. Gaethje,2020-10-24,Abu Dhabi,Abu Dhabi,United Arab Emirates,http://ufcstats.com/event-details/c3c38c86f5ab9b5c,du Forum,,24.5,54.6
534,UFC Fight Night: Ortega vs. The Korean Zombie,2020-10-17,Abu Dhabi,Abu Dhabi,United Arab Emirates,http://ufcstats.com/event-details/d4f364dd076bb0e2,du Forum,,24.5,54.6
533,UFC Fight Night: Moraes vs. Sandhagen,2020-10-10,Abu Dhabi,Abu Dhabi,United Arab Emirates,http://ufcstats.com/event-details/fd4578cac86d75ca,du Forum,,24.5,54.6
531,UFC 253: Adesanya vs. Costa,2020-09-26,Abu Dhabi,Abu Dhabi,United Arab Emirates,http://ufcstats.com/event-details/e69c5ce12f4e762b,du Forum,,24.5,54.6
530,UFC Fight Night: Covington vs. Woodley,2020-09-19,Las Vegas,Nevada,USA,http://ufcstats.com/event-details/831b937811804dad,UFC Apex,,36.068,-115.228
529,UFC Fight Night: Waterson vs. Hill,2020-09-12,Las Vegas,Nevada,USA,http://ufcstats.com/event-details/9c37681096c6f3a9,UFC Apex,,36.068,-115.228
528,UFC Fight Night: Overeem vs. Sakai,2020-09-05,Las Vegas,Nevada,USA,http://ufcstats.com/event-details/542db012217ecb83,UFC Apex,,36.068,-115.228
525,UFC 252: Miocic vs. Cormier 3,2020-08-15,Las Vegas,Nevada,USA,http://ufcstats.com/event-details/bda04c573563cc2e,UFC Apex,,36.068,-115.228
524,UFC Fight Night: Lewis vs. Oleinik,2020-08-08,Las Vegas,Nevada,USA,http://ufcstats.com/event-details/7a82635ffa9b59fe,UFC Apex,,36.068,-115.228
523,UFC Fight Night: Brunson vs. Shahbazyan,2020-08-01,Las Vegas,Nevada,USA,http://ufcstats.com/event-details/3746e21bb508391a,UFC Apex,,36.068,-115.228
521,UFC Fight Night: Figueiredo vs. Benavidez 2,2020-07-18,Abu Dhabi,Abu Dhabi,United Arab Emirates,http://ufcstats.com/event-details/ddbd0d6259ce57cc,du Forum,,24.5,54.6
519,UFC 251: Usman vs. Masvidal,2020-07-11,Abu Dhabi,Abu Dhabi,United Arab Emirates,http://ufcstats.com/event-details/dbd198f780286aca,du Forum,,24.5,54.6
515,UFC 250: Nunes vs. Spencer,2020-06-06,Las Vegas,Nevada,USA,http://ufcstats.com/event-details/4c12aa7ca246e7a4,UFC Apex,,36.068,-115.228
512,UFC Fight Night: Smith vs. Teixeira,2020-05-13,Jacksonville,Florida,USA,http://ufcstats.com/event-details/5f8e00c27b7e7410,VyStar Veterans Memorial Arena,,30.325769,-81.645069
511,UFC 249: Ferguson vs. Gaethje,2020-05-09,Jacksonville,Florida,USA,http://ufcstats.com/event-details/898337ef520fe4d3,VyStar Veterans Memorial Arena,,30.325769,-81.645069
510,UFC Fight Night: Lee vs. Oliveira,2020-03-14,Brasilia,Distrito Federal,Brazil,http://ufcstats.com/event-details/53278852bcd91e11,Ginásio Nilson Nelson,0,-15.7831,-47.9032
509,UFC 248: Adesanya vs. Romero,2020-03-07,Las Vegas,Nevada,USA,http://ufcstats.com/event-details/0b5b6876c2a4723f,T-Mobile Arena,15077,36.102778,-115.178333
508,UFC Fight Night: Benavidez vs. Figueiredo,2020-02-29,Norfolk,Virginia,USA,http://ufcstats.com/event-details/fc9a9559a05f2704,Chartway Arena,7098,36.884169,-76.301231
507,UFC Fight Night: Felder vs. Hooker,2020-02-22,Auckland,Auckland,New Zealand,http://ufcstats.com/event-details/33b2f68ef95252e0,Spark Arena,10025,-36.847174,174.776945
505,UFC 247: Jones vs. Reyes,2020-02-08,Houston,Texas,USA,http://ufcstats.com/event-details/b26d3e3746fb4024,Toyota Center,17401,29.750833,-95.362222
503,UFC 246: McGregor vs. Cowboy,2020-01-18,Las Vegas,Nevada,USA,http://ufcstats.com/event-details/0c1773639c795466,T-Mobile Arena,19040,36.102778,-115.178333
502,UFC Fight Night: Edgar vs. The Korean Zombie,2019-12-21,Busan,Busan,South Korea,http://ufcstats.com/event-details/74fefd43f073cd2f,Sajik Arena,10651,35.1923402,129.06070465
501,UFC 245: Usman vs. Covington,2019-12-14,Las Vegas,Nevada,USA,http://ufcstats.com/event-details/4565d435005319c0,T-Mobile Arena,16811,36.102778,-115.178333
497,UFC 244: Masvidal vs. Diaz,2019-11-02,New York City,New York,USA,http://ufcstats.com/event-details/fd87b1bbfcde9d5e,Madison Square Garden,20143,40.750556,-73.993611
496,UFC Fight Night: Maia vs. Askren,2019-10-26,Kallang,Kallang,Singapore,http://ufcstats.com/event-details/df05aa15b2d66f57,Singapore Indoor Stadium,7155,1.300694,103.874222
494,UFC Fight Night: Joanna vs. Waterson,2019-10-12,Tampa,Florida,USA,http://ufcstats.com/event-details/0941df56f6ac954b,Amalie Arena,10597,27.942778,-82.451944
493,UFC 243: Whittaker vs. Adesanya,2019-10-05,Melbourne,Victoria,Australia,http://ufcstats.com/event-details/3cf68c1d17f66af7,Marvel Stadium,57127,-37.816389,144.9475
492,UFC Fight Night: Hermansson vs. Cannonier,2019-09-28,Copenhagen,Copenhagen,Denmark,http://ufcstats.com/event-details/1bf49bf829964144,Royal Arena,12767,55.624,12.574
490,UFC Fight Night: Cowboy vs. Gaethje,2019-09-14,Vancouver,British Columbia,Canada,http://ufcstats.com/event-details/4834ff149dc9542a,Rogers Arena,15114,49.277778,-123.108889
489,UFC 242: Khabib vs. Poirier,2019-09-07,Abu Dhabi,Abu Dhabi,United Arab Emirates,http://ufcstats.com/event-details/a79bfbc01b2264d6,"The Arena,Yas Island",,24.5,54.6
488,UFC Fight Night: Andrade vs. Zhang,2019-08-31,Shenzhen,Guangdong,China,http://ufcstats.com/event-details/2c104b7e59a72629,Shenzhen Universiade Sports Centre,10302,22.69864365,114.21105502765981
487,UFC 241: Cormier vs. Miocic 2,2019-08-17,Anaheim,California,USA,http://ufcstats.com/event-details/70167689d6a01793,Honda Center,17304,33.807778,-117.876667
486,UFC Fight Night: Shevchenko vs. Carmouche 2,2019-08-10,Montevideo,Montevideo,Uruguay,http://ufcstats.com/event-details/e5d03e4d966126bd,Antel Arena,9225,-34.862844,-56.153611
484,UFC 240: Holloway vs. Edgar,2019-07-27,Edmonton,Alberta,Canada,http://ufcstats.com/event-details/abcf7e55a0a9ed89,Rogers Place,12144,53.546944,-113.497778
481,UFC 239: Jones vs. Santos,2019-07-06,Las Vegas,Nevada,USA,http://ufcstats.com/event-details/6c9383ffab2725a5,T-Mobile Arena,18358,36.102778,-115.178333
479,UFC Fight Night: Moicano vs. The Korean Zombie,2019-06-22,Greenville,South Carolina,USA,http://ufcstats.com/event-details/b16a7e6a627e9789,Bon Secours Wellness Arena,7682,34.852789,-82.391458
478,UFC 238: Cejudo vs. Moraes,2019-06-08,Chicago,Illinois,USA,http://ufcstats.com/event-details/e31502e3f79d00c5,United Center,16083,41.880556,-87.674167
477,UFC Fight Night: Gustafsson vs. Smith,2019-06-01,Stockholm,Stockholm,Sweden,http://ufcstats.com/event-details/cbc071cb20ea59c7,Avicii Arena,14319,59.2936201,18.083213182712974
475,UFC 237: Namajunas vs. Andrade,2019-05-11,Rio de Janeiro,Rio de Janeiro,Brazil,http://ufcstats.com/event-details/9de7c97e1c0d7927,Jeunesse Arena,15193,-22.975278,-43.390278
474,UFC Fight Night: Iaquinta vs. Cowboy,2019-05-04,Ottawa,Ontario,Canada,http://ufcstats.com/event-details/351264d11286d09a,Canadian Tire Centre,10960,45.296906899999996,-75.92689732572379
472,UFC Fight Night: Overeem vs. Oleinik,2019-04-20,Saint Petersburg,Saint Petersburg,Russia,http://ufcstats.com/event-details/7dcf06c1967801c1,Yubileyny Sports Palace,7236,59.950278,30.291944
471,UFC 236: Holloway vs. Poirier 2,2019-04-13,Atlanta,Georgia,USA,http://ufcstats.com/event-details/b0550072e5f0afa7,State Farm Arena,14297,33.757222,-84.396389
469,UFC Fight Night: Thompson vs. Pettis,2019-03-23,Nashville,Tennessee,USA,http://ufcstats.com/event-details/487c170da059857d,Bridgestone Arena,10863,36.159167,-86.778611
468,UFC Fight Night: Till vs. Masvidal,2019-03-16,London,England,United Kingdom,http://ufcstats.com/event-details/80eacd4da0617c57,The O2 Arena,16602,51.5029,0.0032
466,UFC 235: Jones vs. Smith,2019-03-02,Las Vegas,Nevada,USA,http://ufcstats.com/event-details/2d5fbe2103f97053,T-Mobile Arena,14790,36.102778,-115.178333
463,UFC 234: Adesanya vs. Silva,2019-02-09,Melbourne,Victoria,Australia,http://ufcstats.com/event-details/b5882371e2a3900d,Rod Laver Arena,15238,-37.821667,144.978333
461,UFC Fight Night: Cejudo vs. Dillashaw,2019-01-19,Brooklyn,New York,USA,http://ufcstats.com/event-details/d4da8995fc91e7ef,Barclays Center,12152,40.682661,-73.975225
460,UFC 232: Jones vs. Gustafsson 2,2018-12-29,Los Angeles,California,USA,http://ufcstats.com/event-details/c046100aea0dba9a,The Forum,15862,33.95822585,-118.34198075000555
458,UFC 231: Holloway vs. Ortega,2018-12-08,Toronto,Ontario,Canada,http://ufcstats.com/event-details/2a74bbba57058f12,Scotiabank Arena,19039,43.643333,-79.379167
456,The Ultimate Fighter: Heavy Hitters Finale,2018-11-30,Las Vegas,Nevada,USA,http://ufcstats.com/event-details/c7ac79839e86ce33,Pearl Theatre,2020,36.114444,-115.195
455,UFC Fight Night: Blaydes vs. Ngannou 2,2018-11-24,Beijing,Beijing,China,http://ufcstats.com/event-details/de25520d54eab12d,Cadillac Arena,10302,39.909989,116.274664
454,UFC Fight Night: Magny vs. Ponzinibbio,2018-11-17,Buenos Aires,Buenos Aires,Argentina,http://ufcstats.com/event-details/aa3153a9941b4d44,Estadio Mary Terán de Weiss,10245,-34.677222,-58.446111
452,UFC 230: Cormier vs. Lewis,2018-11-03,New York City,New York,USA,http://ufcstats.com/event-details/20821819c401ced8,Madison Square Garden,17011,40.750556,-73.993611
450,UFC 229: Khabib vs. McGregor,2018-10-06,Las Vegas,Nevada,USA,http://ufcstats.com/event-details/1ef0eae31904e534,T-Mobile Arena,20034,36.102778,-115.178333
448,UFC Fight Night: Hunt vs. Oleinik,2018-09-15,Moscow,Moscow,Russia,http://ufcstats.com/event-details/8d49545dadf9b919,Olimpiyskiy Stadium,22603,55.781111,37.626389
447,UFC 228: Woodley vs. Till,2018-09-08,Dallas,Texas,USA,http://ufcstats.com/event-details/d5ae8074631762fc,American Airlines Center,14073,32.790556,-96.810278
446,UFC Fight Night: Gaethje vs. Vick,2018-08-25,Lincoln,Nebraska,USA,http://ufcstats.com/event-details/c0342805a1948cbb,Pinnacle Bank Arena,6409,40.817778,-96.713333
445,UFC 227: Dillashaw vs. Garbrandt 2,2018-08-04,Los Angeles,California,USA,http://ufcstats.com/event-details/03b1e846b09f721d,Staples Center,17794,34.043056,-118.267222
443,UFC Fight Night: Shogun vs. Smith,2018-07-22,Hamburg,Hamburg,Germany,http://ufcstats.com/event-details/4f732e58ed907eff,Barclaycard Arena,7798,53.589167,9.899167
441,UFC 226: Miocic vs. Cormier,2018-07-07,Las Vegas,Nevada,USA,http://ufcstats.com/event-details/35585d970300d45a,T-Mobile Arena,17464,36.102778,-115.178333
440,The Ultimate Fighter: Undefeated Finale,2018-07-06,Las Vegas,Nevada,USA,http://ufcstats.com/event-details/8215e4fe24e8e81b,Palms Casino Resort,2123,36.114444,-115.195
439,UFC Fight Night: Cowboy vs. Edwards,2018-06-23,Kallang,Kallang,Singapore,http://ufcstats.com/event-details/ac5f67109accb482,Singapore Indoor Stadium,6419,1.300694,103.874222
438,UFC 225: Whittaker vs. Romero 2,2018-06-09,Chicago,Illinois,USA,http://ufcstats.com/event-details/2eae41f61776c60f,United Center,18117,41.880556,-87.674167
437,UFC Fight Night: Rivera vs. Moraes,2018-06-01,Utica,New York,USA,http://ufcstats.com/event-details/d29b5c4f22c6357d,Adirondack Bank Center,5063,43.105,-75.2334
436,UFC Fight Night: Thompson vs. Till,2018-05-27,Liverpool,England,United Kingdom,http://ufcstats.com/event-details/f5990c11974d8e9c,Echo Arena,8520,53.396667,-2.990958
435,UFC Fight Night: Maia vs. Usman,2018-05-19,Santiago,Santiago,Chile,http://ufcstats.com/event-details/3144121470023e9a,Movistar Arena,11082,-33.462778,-70.661944
434,UFC 224: Nunes vs. Pennington,2018-05-12,Rio de Janeiro,Rio de Janeiro,Brazil,http://ufcstats.com/event-details/67ec58d7cf599835,Jeunesse Arena,10696,-22.975278,-43.390278
433,UFC Fight Night: Barboza vs. Lee,2018-04-21,Atlantic City,New Jersey,USA,http://ufcstats.com/event-details/ad99fa5325519169,Boardwalk Hall,9541,41.75195805,-72.69158289823056
431,UFC 223: Khabib vs. Iaquinta,2018-04-07,Brooklyn,New York,USA,http://ufcstats.com/event-details/49e7e05f902479ca,Barclays Center,17026,40.682661,-73.975225
430,UFC Fight Night: Werdum vs. Volkov,2018-03-17,London,England,United Kingdom,http://ufcstats.com/event-details/eed2b71d77d95416,The O2 Arena,16274,51.5029,0.0032
429,UFC 222: Cyborg vs. Kunitskaya,2018-03-03,Las Vegas,Nevada,USA,http://ufcstats.com/event-details/7929be8290289a47,T-Mobile Arena,12041,36.102778,-115.178333
426,UFC 221: Romero vs. Rockhold,2018-02-10,Perth,Western Australia,Australia,http://ufcstats.com/event-details/15515e797aedc137,Perth Arena,12437,-31.9483,115.8519
425,UFC Fight Night: Machida vs. Anders,2018-02-03,Belem,Para,Brazil,http://ufcstats.com/event-details/7cf20446453f852b,Arena Guilherme Paraense,10144,-1.3826760500000002,-48.439456709962656
423,UFC 220: Miocic vs. Ngannou,2018-01-20,Boston,Massachusetts,USA,http://ufcstats.com/event-details/02177caefe7c07d4,TD Garden,16015,42.366303,-71.062228
422,UFC Fight Night: Stephens vs. Choi,2018-01-14,St. Louis,Missouri,USA,http://ufcstats.com/event-details/fc1868f56d3036eb,Scottrade Center,10052,38.626667,-90.2025
421,UFC 219: Cyborg vs. Holm,2017-12-30,Las Vegas,Nevada,USA,http://ufcstats.com/event-details/04076783ca83d6ae,T-Mobile Arena,13561,36.102778,-115.178333
419,UFC Fight Night: Swanson vs. Ortega,2017-12-09,Fresno,California,USA,http://ufcstats.com/event-details/bcd124bcd3d5be46,Save Mart Center,7605,36.809722,-119.738611
418,UFC 218: Holloway vs. Aldo 2,2017-12-02,Detroit,Michigan,USA,http://ufcstats.com/event-details/9e30f69cc0869301,Little Caesars Arena,17587,42.341111,-83.055
417,The Ultimate Fighter: A New World Champion Finale,2017-12-01,Las Vegas,Nevada,USA,http://ufcstats.com/event-details/30e8b4505f5ccf92,Park Theater,,36.1047,-115.1762
416,UFC Fight Night: Bisping vs. Gastelum,2017-11-25,Shanghai,Hebei,China,http://ufcstats.com/event-details/e7bc606d269896aa,Mercedes-Benz Arena,15128,31.191291,121.489391
415,UFC Fight Night: Werdum vs. Tybura,2017-11-18,Sydney,New South Wales,Australia,http://ufcstats.com/event-details/caced97768818230,Qudos Bank Arena,10021,-33.85,151.066667
414,UFC Fight Night: Poirier vs. Pettis,2017-11-11,Norfolk,Virginia,USA,http://ufcstats.com/event-details/d856a0080ac09ed7,Ted Constant Convocation Center,8442,36.884169,-76.301231
413,UFC 217: Bisping vs. St-Pierre,2017-11-04,New York City,New York,USA,http://ufcstats.com/event-details/a25b71fe5e31fa97,Madison Square Garden,18201,40.750556,-73.993611
412,UFC Fight Night: Brunson vs. Machida,2017-10-28,Sao Paulo,Sao Paulo,Brazil,http://ufcstats.com/event-details/a7724f51e32e763e,Ginásio do Ibirapuera,10265,-23.577721,-46.656048
410,UFC 216: Ferguson vs. Lee,2017-10-07,Las Vegas,Nevada,USA,http://ufcstats.com/event-details/cc5834a495d1ea08,T-Mobile Arena,10638,36.102778,-115.178333
409,UFC Fight Night: Saint Preux vs. Okami,2017-09-22,Saitama,Saitama,Japan,http://ufcstats.com/event-details/9211aae062b799d6,Saitama Super Arena,8571,35.8951196,139.63075300618382
408,UFC Fight Night: Rockhold vs. Branch,2017-09-16,Pittsburgh,Pennsylvania,USA,http://ufcstats.com/event-details/1979c80150f630c4,PPG Paints Arena,7005,40.439444,-79.989167
406,UFC Fight Night: Volkov vs. Struve,2017-09-02,Rotterdam,Zuid-Holland,Netherlands,http://ufcstats.com/event-details/a3244e3238541482,Rotterdam Ahoy,10224,51.8832963,4.4883655
405,UFC Fight Night: Pettis vs. Moreno,2017-08-05,Mexico City,Distrito Federal,Mexico,http://ufcstats.com/event-details/f4a031ac205ac580,Arena Ciudad de México,10172,19.496309,-99.175429
404,UFC 214: Cormier vs. Jones 2,2017-07-29,Anaheim,California,USA,http://ufcstats.com/event-details/ff9578cdbfabd323,Honda Center,16610,33.807778,-117.876667
402,UFC Fight Night: Nelson vs. Ponzinibbio,2017-07-16,Glasgow,Scotland,United Kingdom,http://ufcstats.com/event-details/d7907a9a968e4d29,The SSE Hydro,10589,55.860297,-4.284926
401,UFC 213: Romero vs. Whittaker,2017-07-08,Las Vegas,Nevada,USA,http://ufcstats.com/event-details/686cccbf1a4de453,T-Mobile Arena,12834,36.102778,-115.178333
400,The Ultimate Fighter: Redemption Finale,2017-07-07,Las Vegas,Nevada,USA,http://ufcstats.com/event-details/23bd78c3f89bdb54,T-Mobile Arena,6308,36.102778,-115.178333
399,UFC Fight Night: Chiesa vs. Lee,2017-06-25,Oklahoma City,Oklahoma,USA,http://ufcstats.com/event-details/99bf06f20491cb54,Chesapeake Energy Arena,7605,35.463333,-97.515
398,UFC Fight Night: Holm vs. Correia,2017-06-17,Kallang,Kallang,Singapore,http://ufcstats.com/event-details/353de740bb6c7e75,Singapore Indoor Stadium,8414,1.300694,103.874222
397,UFC Fight Night: Lewis vs. Hunt,2017-06-10,Auckland,Auckland,New Zealand,http://ufcstats.com/event-details/90e7447d8b7f3f35,Spark Arena,8649,-36.847174,174.776945
396,UFC 212: Aldo vs. Holloway,2017-06-03,Rio de Janeiro,Rio de Janeiro,Brazil,http://ufcstats.com/event-details/1507214bbc7a79e2,Jeunesse Arena,15412,-22.975278,-43.390278
395,UFC Fight Night: Gustafsson vs. Teixeira,2017-05-28,Stockholm,Stockholm,Sweden,http://ufcstats.com/event-details/1c7cce2f5c17160d,Ericsson Globe,12668,59.2936201,18.083213182712974
393,UFC Fight Night: Swanson vs. Lobov,2017-04-22,Nashville,Tennessee,USA,http://ufcstats.com/event-details/bc7f7f0ba3db74d2,Bridgestone Arena,10144,36.159167,-86.778611
391,UFC 210: Cormier vs. Johnson 2,2017-04-08,Buffalo,New York,USA,http://ufcstats.com/event-details/e7bfdb5e0112891e,KeyBank Center,17110,42.875,-78.876389
390,UFC Fight Night: Manuwa vs. Anderson,2017-03-18,London,England,United Kingdom,http://ufcstats.com/event-details/c0231720fe516994,The O2 Arena,15761,51.5029,0.0032
389,UFC Fight Night: Belfort vs. Gastelum,2017-03-11,Fortaleza,Ceara,Brazil,http://ufcstats.com/event-details/47b7e4e60813b7b2,Centro de Formação Olímpica do Nordeste,14069,-3.8048605,-38.52461420580107
388,UFC 209: Woodley vs. Thompson 2,2017-03-04,Las Vegas,Nevada,USA,http://ufcstats.com/event-details/20e403a1acfef130,T-Mobile Arena,13150,36.102778,-115.178333
387,UFC Fight Night: Lewis vs. Browne,2017-02-19,Halifax,Nova Scotia,Canada,http://ufcstats.com/event-details/b4ad3a06ee4d660c,Scotiabank Centre,8123,44.648219850000004,-63.576741441515836
385,UFC Fight Night: Bermudez vs. The Korean Zombie,2017-02-04,Houston,Texas,USA,http://ufcstats.com/event-details/6a8a06b542e1516d,Toyota Center,8119,29.750833,-95.362222
382,UFC 207: Nunes vs. Rousey,2016-12-30,Las Vegas,Nevada,USA,http://ufcstats.com/event-details/4b2390cfaceb91d8,T-Mobile Arena,18533,36.102778,-115.178333
380,UFC 206: Holloway vs. Pettis,2016-12-10,Toronto,Ontario,Canada,http://ufcstats.com/event-details/6e3282d57d2467a0,Scotiabank Arena,18057,43.643333,-79.379167
379,UFC Fight Night: Lewis vs. Abdurakhimov,2016-12-09,Albany,New York,USA,http://ufcstats.com/event-details/7139cd2ae4bf6a29,Times Union Center,6216,42.64862755,-73.7547189772471
378,The Ultimate Fighter: Tournament of Champions Finale,2016-12-03,Las Vegas,Nevada,USA,http://ufcstats.com/event-details/bd4389b71fdc0ce2,Palms Casino Resort,2044,36.114444,-115.195
377,UFC Fight Night: Whittaker vs. Brunson,2016-11-26,Melbourne,Victoria,Australia,http://ufcstats.com/event-details/73e09f837f3b5ecc,Rod Laver Arena,13721,-37.821667,144.978333
375,UFC Fight Night: Mousasi vs. Hall 2,2016-11-19,Belfast,Northern Ireland,United Kingdom,http://ufcstats.com/event-details/6810d8d2dd557cf9,The SSE Arena,7222,54.6036,-5.9142
371,UFC Fight Night: Lineker vs. Dodson,2016-10-01,Portland,Oregon,USA,http://ufcstats.com/event-details/a196332ee4aa8a82,Moda Center,6240,45.531667,-122.666667
369,UFC Fight Night: Poirier vs. Johnson,2016-09-17,Hidalgo,Texas,USA,http://ufcstats.com/event-details/d6455cb4bee503ce,State Farm Arena,5624,33.7573698,-84.39638483503104
368,UFC 203: Miocic vs. Overeem,2016-09-10,Cleveland,Ohio,USA,http://ufcstats.com/event-details/2dc7f1762dc0a7ef,Quicken Loans Arena,18875,41.496389,-81.688056
367,UFC Fight Night: Arlovski vs. Barnett,2016-09-03,Hamburg,Hamburg,Germany,http://ufcstats.com/event-details/2b4faacc16d66898,Barclaycard Arena,11763,53.589167,9.899167
365,UFC 202: Diaz vs. McGregor 2,2016-08-20,Las Vegas,Nevada,USA,http://ufcstats.com/event-details/5da4e8dc02e50ac0,T-Mobile Arena,15539,36.102778,-115.178333
363,UFC 201: Lawler vs. Woodley,2016-07-30,Atlanta,Georgia,USA,http://ufcstats.com/event-details/72cbe507644a587c,Philips Arena,10240,33.757222,-84.396389
361,UFC Fight Night: McDonald vs. Lineker,2016-07-13,Sioux Falls,South Dakota,USA,http://ufcstats.com/event-details/5e7a28f20927d64a,Denny Sanford Premier Center,5671,43.561667,-96.75
359,The Ultimate Fighter: Team Joanna vs. Team Cláudia Finale,2016-07-08,Las Vegas,Nevada,USA,http://ufcstats.com/event-details/cd42bbe8887bba90,MGM Grand Garden Arena,8115,36.10483105,-115.16856889248174
356,UFC 199: Rockhold vs. Bisping 2,2016-06-04,Los Angeles,California,USA,http://ufcstats.com/event-details/ff4c3ab594c7fac3,The Forum,15587,33.95822585,-118.34198075000555
339,The Ultimate Fighter: Team McGregor vs. Team Faber Finale,2015-12-11,Las Vegas,Nevada,USA,http://ufcstats.com/event-details/20fbff570c678e1c,The Chelsea at The Cosmopolitan,2566,36.11,-115.1753
338,UFC Fight Night: Namajunas vs. VanZant,2015-12-10,Las Vegas,Nevada,USA,http://ufcstats.com/event-details/dd39f1ca787a3d9d,The Chelsea at The Cosmopolitan,1643,36.11,-115.1753
323,The Ultimate Fighter: American Top Team vs. Blackzilians Finale,2015-07-12,Las Vegas,Nevada,USA,http://ufcstats.com/event-details/a890f9a791ed615d,MGM Grand Garden Arena,4844,36.10483105,-115.16856889248174
298,The Ultimate Fighter: A Champion Will Be Crowned Finale,2014-12-12,Las Vegas,Nevada,USA,http://ufcstats.com/event-details/222d6b547de2e035,Palms Casino Resort,1800,36.114444,-115.195
278,The Ultimate Fighter: Team Edgar vs. Team Penn Finale,2014-07-06,Las Vegas,Nevada,USA,http://ufcstats.com/event-details/1c5879330d42255f,Mandalay Bay Events Center,6500,36.090678,-115.178981
251,The Ultimate Fighter: Team Rousey vs. Team Tate Finale,2013-11-30,Las Vegas,Nevada,USA,http://ufcstats.com/event-details/9a967e8e43dcef63,Mandalay Bay Events Center,4853,36.090678,-115.178981
233,UFC on FX: Belfort vs. Rockhold,2013-05-18,Jaragua do Sul,Santa Catarina,Brazil,http://ufcstats.com/event-details/030f08370fd1c2bb,Arena Jaraguá,7642,-26.48919425,-49.094878664200024
230,The Ultimate Fighter: Team Jones vs. Team Sonnen Finale,2013-04-13,Las Vegas,Nevada,USA,http://ufcstats.com/event-details/ce47f49e5c386a9c,Mandalay Bay Events Center,5918,36.090678,-115.178981
220,The Ultimate Fighter: Team Carwin vs. Team Nelson Finale,2012-12-15,Las Vegas,Nevada,USA,http://ufcstats.com/event-details/c6da1c24fe473418,Hard Rock Hotel and Casino,2500,36.16536205,-95.76543831451113
203,The Ultimate Fighter: Live Finale,2012-06-01,Las Vegas,Nevada,USA,http://ufcstats.com/event-details/96087e90d900f0ef,Palms Casino Resort,1628,36.114444,-115.195
164,UFC 125: Resolution,2011-01-01,Las Vegas,Nevada,USA,http://ufcstats.com/event-details/d1152823307d7e7c,MGM Grand Garden Arena,12874,36.10483105,-115.16856889248174
147,UFC 112: Invincible,2010-04-10,Abu Dhabi,Abu Dhabi,United Arab Emirates,http://ufcstats.com/event-details/24b033b3daf1c9df,"Concert Arena,Yas Island",11008,24.5,54.6
142,UFC 109: Relentless,2010-02-06,Las Vegas,Nevada,USA,http://ufcstats.com/event-details/15edcf67ccf5be84,Mandalay Bay Events Center,10753,36.090678,-115.178981
138,The Ultimate Fighter: Heavyweights Finale,2009-12-05,Las Vegas,Nevada,USA,http://ufcstats.com/event-details/91d73ee59347ac16,Palms Casino Resort,1791,36.114444,-115.195
131,UFC 101: Declaration,2009-08-08,Philadelphia,Pennsylvania,USA,http://ufcstats.com/event-details/48d1f690b763934c,Wachovia Center,17411,39.901111,-75.171944
130,UFC 100,2009-07-11,Las Vegas,Nevada,USA,http://ufcstats.com/event-details/0ee783aa00e468f0,Mandalay Bay Events Center,10871,36.090678,-115.178981
129,The Ultimate Fighter: United States vs. United Kingdom Finale,2009-06-20,Las Vegas,Nevada,USA,http://ufcstats.com/event-details/4908c5ee68a50ee5,Palms Casino Resort,2217,36.114444,-115.195
128,UFC 99: The Comeback,2009-06-13,Cologne,North Rhine-Westphalia,Germany,http://ufcstats.com/event-details/cb6783c39c01d896,Lanxess Arena,12854,50.938497,6.982953
126,UFC 97: Redemption,2009-04-18,Montreal,Quebec,Canada,http://ufcstats.com/event-details/1652f3213655b935,Bell Centre,21451,45.496111,-73.569444
119,UFC 92: The Ultimate 2008,2008-12-27,Las Vegas,Nevada,USA,http://ufcstats.com/event-details/23ab42947c1990e3,MGM Grand Garden Arena,14166,36.10483105,-115.16856889248174
118,The Ultimate Fighter: Team Nogueira vs. Team Mir Finale,2008-12-13,Las Vegas,Nevada,USA,http://ufcstats.com/event-details/ea398c802d9998ee,Palms Casino Resort,1853,36.114444,-115.195
112,UFC 88: Breakthrough,2008-09-06,Atlanta,Georgia,USA,http://ufcstats.com/event-details/0db70ca89e1c7374,State Farm Arena,14736,33.757222,-84.396389
107,UFC 85: Bedlam,2008-06-07,London,England,United Kingdom,http://ufcstats.com/event-details/2efbc83a6b9b7f86,The O2 Arena,15327,51.5029,0.0032
106,UFC 84: Ill Will,2008-05-24,Las Vegas,Nevada,USA,http://ufcstats.com/event-details/2549d63da9c456cb,MGM Grand Garden Arena,14773,36.10483105,-115.16856889248174
103,UFC 82: Pride of a Champion,2008-03-01,Columbus,Ohio,USA,http://ufcstats.com/event-details/598a58db87b890ee,Nationwide Arena,16431,39.969283,-83.006111
102,UFC 81: Breaking Point,2008-02-02,Las Vegas,Nevada,USA,http://ufcstats.com/event-details/597db668b01c442c,Mandalay Bay Events Center,10583,36.090678,-115.178981
100,UFC 80: Rapid Fire,2008-01-19,Newcastle,England,United Kingdom,http://ufcstats.com/event-details/a24e080000fa7a35,Metro Radio Arena,8412,54.9639,-1.623333
99,UFC 79: Nemesis,2007-12-29,Las Vegas,Nevada,USA,http://ufcstats.com/event-details/7269329bd87eb479,Mandalay Bay Events Center,11075,36.090678,-115.178981
98,The Ultimate Fighter: Team Hughes vs. Team Serra Finale,2007-12-08,Las Vegas,Nevada,USA,http://ufcstats.com/event-details/df85d6ec3493d120,Palms Casino Resort,,36.114444,-115.195
97,UFC 78: Validation,2007-11-17,Newark,New Jersey,USA,http://ufcstats.com/event-details/1d147d4163a6989b,Prudential Center,14071,40.733611,-74.171111
96,UFC 77: Hostile Territory,2007-10-20,Cincinnati,Ohio,USA,http://ufcstats.com/event-details/91181b29be041f1c,U.S. Bank Arena,16054,39.097778,-84.504444
95,UFC 76: Knockout,2007-09-22,Anaheim,California,USA,http://ufcstats.com/event-details/bad28b7b34f334de,Honda Center,13770,33.807778,-117.876667
92,UFC 74: Respect,2007-08-25,Las Vegas,Nevada,USA,http://ufcstats.com/event-details/a5c53b3ddb31cc7d,Mandalay Bay Events Center,11065,36.090678,-115.178981
91,UFC 73: Stacked,2007-07-07,Sacramento,California,USA,http://ufcstats.com/event-details/2a6f8136da1e52c0,ARCO Arena,13183,38.649167,-121.518056
90,The Ultimate Fighter: Team Pulver vs. Team Penn Finale,2007-06-23,Las Vegas,Nevada,USA,http://ufcstats.com/event-details/e7ec11096eac0282,Palms Casino Resort,,36.114444,-115.195
89,UFC 72: Victory,2007-06-16,Belfast,Northern Ireland,United Kingdom,http://ufcstats.com/event-details/5ca158b1cc9cb242,The Odyssey,7850,51.4922876,-0.0257800214809042
86,UFC 70: Nations Collide,2007-04-21,Manchester,England,United Kingdom,http://ufcstats.com/event-details/4604ab1de9058474,Manchester Evening News Arena,15114,53.488056,-2.243889
85,UFC 69: Shootout,2007-04-07,Houston,Texas,USA,http://ufcstats.com/event-details/c1684f00c626f4c0,Toyota Center,15269,29.750833,-95.362222
83,UFC 68: The Uprising,2007-03-03,Columbus,Ohio,USA,http://ufcstats.com/event-details/de3ed2e152520c8d,Nationwide Arena,19079,39.969283,-83.006111
82,UFC 67: All or Nothing,2007-02-03,Las Vegas,Nevada,USA,http://ufcstats.com/event-details/63b65af1c5cb02cb,Mandalay Bay Events Center,10787,36.090678,-115.178981
78,UFC 65: Bad Intentions,2006-11-18,Sacramento,California,USA,http://ufcstats.com/event-details/3fed746acfd026dd,ARCO Arena,14666,38.649167,-121.518056
77,The Ultimate Fighter: The Comeback Finale,2006-11-11,Las Vegas,Nevada,USA,http://ufcstats.com/event-details/baf942f4bcb09894,Hard Rock Hotel and Casino,1000,36.16536205,-95.76543831451113
76,UFC 64: Unstoppable,2006-10-14,Las Vegas,Nevada,USA,http://ufcstats.com/event-details/13b2f59210dda9cc,Mandalay Bay Events Center,10173,36.090678,-115.178981
72,UFC Fight Night 6,2006-08-17,Las Vegas,Nevada,USA,http://ufcstats.com/event-details/46c8ec317aff28ac,Red Rock Resort Spa and Casino,1412,36.154444,-115.330278
71,UFC 61: Bitter Rivals,2006-07-08,Las Vegas,Nevada,USA,http://ufcstats.com/event-details/f70144caea5c4c80,Mandalay Bay Events Center,11167,36.090678,-115.178981
69,The Ultimate Fighter: Team Ortiz vs. Team Shamrock Finale,2006-06-24,Las Vegas,Nevada,USA,http://ufcstats.com/event-details/1dab0d1d81dd06db,Hard Rock Hotel and Casino,849,36.16536205,-95.76543831451113
67,UFC 59: Reality Check,2006-04-15,Anaheim,California,USA,http://ufcstats.com/event-details/03688dc3c3af3ac1,Honda Center,13814,33.807778,-117.876667
62,UFC 56: Full Force,2005-11-19,Las Vegas,Nevada,USA,http://ufcstats.com/event-details/c7e9d15cfce52f1d,MGM Grand Garden Arena,12000,36.10483105,-115.16856889248174
61,The Ultimate Fighter: Team Hughes vs. Team Franklin Finale,2005-11-05,Las Vegas,Nevada,USA,http://ufcstats.com/event-details/31ceaf0e670c1578,Hard Rock Hotel and Casino,,36.16536205,-95.76543831451113
60,UFC 55: Fury,2005-10-07,Uncasville,Connecticut,USA,http://ufcstats.com/event-details/271fe91f4ba9d2c5,Mohegan Sun Arena,8000,41.491111,-72.089722
58,UFC 54: Boiling Point,2005-08-20,Las Vegas,Nevada,USA,http://ufcstats.com/event-details/669a3cb6e394f515,MGM Grand Garden Arena,13520,36.10483105,-115.16856889248174
56,UFC 53: Heavy Hitters,2005-06-04,Atlantic City,New Jersey,USA,http://ufcstats.com/event-details/d3711d3784b76255,Boardwalk Hall,12000,41.75195805,-72.69158289823056
54,The Ultimate Fighter: Team Couture vs. Team Liddell Finale,2005-04-09,Las Vegas,Nevada,USA,http://ufcstats.com/event-details/fbbde91f7bc2d3c5,Cox Pavilion,,36.104167,-115.143056
53,UFC 51: Super Saturday,2005-02-05,Las Vegas,Nevada,USA,http://ufcstats.com/event-details/85d905f7c4f5a1af,Mandalay Bay Events Center,11072,36.090678,-115.178981
51,UFC 49: Unfinished Business,2004-08-21,Las Vegas,Nevada,USA,http://ufcstats.com/event-details/b4bc2e3353a770b5,MGM Grand Garden Arena,12100,36.10483105,-115.16856889248174
50,UFC 48: Payback,2004-06-19,Las Vegas,Nevada,USA,http://ufcstats.com/event-details/429e7d3725852ce9,Mandalay Bay Events Center,10000,36.090678,-115.178981
49,UFC 47: It's On!,2004-04-02,Las Vegas,Nevada,USA,http://ufcstats.com/event-details/e8fb8e53bc2e29d6,Mandalay Bay Events Center,11437,36.090678,-115.178981
48,UFC 46: Supernatural,2004-01-31,Las Vegas,Nevada,USA,http://ufcstats.com/event-details/94609dd91731d428,Mandalay Bay Events Center,10700,36.090678,-115.178981
47,UFC 45: Revolution,2003-11-21,Uncasville,Connecticut,USA,http://ufcstats.com/event-details/e670f8cc2969a789,Mohegan Sun Arena,9200,41.491111,-72.089722
46,UFC 44: Undisputed,2003-09-26,Las Vegas,Nevada,USA,http://ufcstats.com/event-details/c61f66d8c3fd5f07,Mandalay Bay Events Center,10400,36.090678,-115.178981
45,UFC 43: Meltdown,2003-06-06,Las Vegas,Nevada,USA,http://ufcstats.com/event-details/108afe61a26bcbf4,Thomas & Mack Center,9800,36.105,-115.144167
44,UFC 42: Sudden Impact,2003-04-25,Miami,Florida,USA,http://ufcstats.com/event-details/ae58685caf8e4a0d,Kaseya Center,7500,25.781389,-80.188056
43,UFC 41: Onslaught,2003-02-28,Atlantic City,New Jersey,USA,http://ufcstats.com/event-details/bba678d312590087,Boardwalk Hall,11707,41.75195805,-72.69158289823056
42,UFC 40: Vendetta,2002-11-22,Las Vegas,Nevada,USA,http://ufcstats.com/event-details/e06fd1260ac865a7,MGM Grand Garden Arena,13770,36.10483105,-115.16856889248174
41,UFC 39: The Warriors Return,2002-09-27,Uncasville,Connecticut,USA,http://ufcstats.com/event-details/0cf935519d439ba6,Mohegan Sun Arena,7800,41.491111,-72.089722
40,UFC 38: Brawl at the Hall,2002-07-13,London,England,United Kingdom,http://ufcstats.com/event-details/1dc56b59cb28425d,Royal Albert Hall,5000,51.501006950000004,-0.17740582939224336
39,UFC 37.5: As Real As It Gets,2002-06-22,Las Vegas,Nevada,USA,http://ufcstats.com/event-details/9ccdd2ce45903f34,Bellagio,3700,36.113056,-115.176389
38,UFC 37: High Impact,2002-05-10,Bossier City,Louisiana,USA,http://ufcstats.com/event-details/9fd1f08dd4aec14a,CenturyTel Center,7200,32.46467615509957,-93.67200801927925
37,UFC 36: Worlds Collide,2002-03-22,Las Vegas,Nevada,USA,http://ufcstats.com/event-details/02fc8f50f56eb307,MGM Grand Garden Arena,10000,36.10483105,-115.16856889248174
36,UFC 35: Throwdown,2002-01-11,Uncasville,Connecticut,USA,http://ufcstats.com/event-details/946f341df6472ee0,Mohegan Sun Arena,9600,41.491111,-72.089722
35,UFC 34: High Voltage,2001-11-02,Las Vegas,Nevada,USA,http://ufcstats.com/event-details/4dc496aa0cfc0d95,MGM Grand Garden Arena,9000,36.10483105,-115.16856889248174
34,UFC 33: Victory in Vegas,2001-09-28,Las Vegas,Nevada,USA,http://ufcstats.com/event-details/c75b99887c8c3f5a,Mandalay Bay Events Center,9500,36.090678,-115.178981
33,UFC 32: Showdown in the Meadowlands,2001-06-29,East Rutherford,New Jersey,USA,http://ufcstats.com/event-details/7b9aa973e5c04624,Continental Airlines Arena,12500,40.811667,-74.0675
32,UFC 31: Locked and Loaded,2001-05-04,Atlantic City,New Jersey,USA,http://ufcstats.com/event-details/20bd6c3e03c46ee6,Etess ArenaatTrump Taj Mahal,,39.358653,-74.419778
31,UFC 30: Battle on the Boardwalk,2001-02-23,Atlantic City,New Jersey,USA,http://ufcstats.com/event-details/2b1587a3376ab743,Etess ArenaatTrump Taj Mahal,3000,39.358653,-74.419778
30,UFC 29: Defense of the Belts,2000-12-16,Tokyo,Tokyo,Japan,http://ufcstats.com/event-details/08ae5cd9aef7ddd3,Differ Ariake Arena,1414,35.638733,139.789228
29,UFC 28: High Stakes,2000-11-17,Atlantic City,New Jersey,USA,http://ufcstats.com/event-details/da6dfd09cca1d705,Etess ArenaatTrump Taj Mahal,,39.358653,-74.419778
28,UFC 27: Ultimate Bad Boyz,2000-09-22,New Orleans,Louisiana,USA,http://ufcstats.com/event-details/31652c9267606d54,Lakefront Arena,,30.03,-90.050556
26,UFC 25: Ultimate Japan 3,2000-04-14,Tokyo,Tokyo,Japan,http://ufcstats.com/event-details/d2b1c1317a39f6c6,Yoyogi National Gymnasium,,35.6676557,139.70015976815017
25,UFC 24: First Defense,2000-03-10,Lake Charles,Louisiana,USA,http://ufcstats.com/event-details/20ec0061400178ca,Lake Charles Civic Center,,30.22856595,-93.22142555923101
24,UFC 23: Ultimate Japan 2,1999-11-19,Chiba,Chiba,Japan,http://ufcstats.com/event-details/a8fa0c4e95512806,Tokyo Bay NK Hall,,35.6227141758,139.871809846
23,UFC 22: Only One Can be Champion,1999-09-24,Lake Charles,Louisiana,USA,http://ufcstats.com/event-details/afaad7d6a581e307,Lake Charles Civic Center,,30.22856595,-93.22142555923101
22,UFC 21: Return of the Champions,1999-07-16,Cedar Rapids,Iowa,USA,http://ufcstats.com/event-details/1a1a4d7a29041d77,Five Seasons Events Center,,41.9802,-91.6675
21,UFC 20: Battle for the Gold,1999-05-07,Birmingham,Alabama,USA,http://ufcstats.com/event-details/a7b48e18ca27795d,Boutwell Memorial Auditorium,,33.52159,-86.81101
20,UFC 19: Ultimate Young Guns,1999-03-05,Bay St. Louis,Mississippi,USA,http://ufcstats.com/event-details/a220be6d41d6f97d,Casino Magic Bay St. Louis,,30.3348,-89.3538
19,UFC 18: The Road to the Heavyweight Title,1999-01-08,New Orleans,Louisiana,USA,http://ufcstats.com/event-details/c9bbf1a0285a8076,Pontchartrain Center,,30.039359949999998,-90.24057621223363
17,UFC 17: Redemption,1998-05-15,Mobile,Alabama,USA,http://ufcstats.com/event-details/4a01dc8376736ef5,Mobile Civic Center,,30.68605,-88.04478
16,UFC 16: Battle in the Bayou,1998-03-13,New Orleans,Louisiana,USA,http://ufcstats.com/event-details/749685d24e2cac50,Pontchartrain Center,4600,30.039359949999998,-90.24057621223363
14,UFC 15: Collision Course,1997-10-17,Bay St. Louis,Mississippi,USA,http://ufcstats.com/event-details/07a18ae55dfc3cd9,Casino Magic Bay St. Louis,,30.3348,-89.3538
13,UFC 14: Showdown,1997-07-27,Birmingham,Alabama,USA,http://ufcstats.com/event-details/dc950d59dc590aca,Boutwell Memorial Auditorium,5000,33.52159,-86.81101
12,UFC 13: The Ultimate Force,1997-05-30,Augusta,Georgia,USA,http://ufcstats.com/event-details/5bd533d50c8e7b8a,Augusta Civic Center,5100,44.34259245,-69.79889863924052
11,UFC 12: Judgement Day,1997-02-07,Dothan,Alabama,USA,http://ufcstats.com/event-details/96eff1a628adcc7f,Dothan Civic Center,3100,31.22485515,-85.39032417991697
9,UFC 11: The Proving Ground,1996-09-20,Augusta,Georgia,USA,http://ufcstats.com/event-details/6ceff86fae4f6b3b,Augusta Civic Center,4500,44.34259245,-69.79889863924052
8,UFC 10: The Tournament,1996-07-12,Birmingham,Alabama,USA,http://ufcstats.com/event-details/aee8eecfc4bfb1e7,Fair Park Arena,4300,30.647044,-97.00745087686691
7,UFC 9: Motor City Madness,1996-05-17,Detroit,Michigan,USA,http://ufcstats.com/event-details/a390eb8a9b2df298,Cobo Arena,10000,42.326111,-83.046944
4,UFC 7: The Brawl in Buffalo,1995-09-08,Buffalo,New York,USA,http://ufcstats.com/event-details/5af480a3b2e1726b,Buffalo Memorial Auditorium,9000,42.878056,-78.8775
3,UFC 6: Clash of the Titans,1995-07-14,Casper,Wyoming,USA,http://ufcstats.com/event-details/1c3f5e85b59ec710,Casper Events Center,2700,42.8683,-106.3328
2,UFC 5: The Return of the Beast,1995-04-07,Charlotte,North Carolina,USA,http://ufcstats.com/event-details/dedc3bb440d09554,Independence Arena,6000,39.03986125,-94.35749672753282
1,UFC 4: Revenge of the Warriors,1994-12-16,Tulsa,Oklahoma,USA,http://ufcstats.com/event-details/b60391da771deefe,Expo Square Pavilion,5857,36.136667,-95.932778
